<?xml version="1.0" encoding="UTF-8"?>
<!DOCTYPE sqlMap PUBLIC '-//ibatis.apache.org//DTD Sql Map 2.0//EN' 'http://ibatis.apache.org/dtd/sql-map-2.dtd'>
<sqlMap namespace="noticeSQL">

	<typeAlias alias="notice" type="notice.noticeVO"/>
	
		<!-- 리절트 맵 정의 -->
		<resultMap id="noticeRes" class="notice">
			<result property="notice_no" column="notice_no"/>
			<result property="notice_id" column="notice_id"/>
			<result property="notice_subject" column="notice_subject"/>
			<result property="notice_content" column="notice_content"/>
			<result property="notice_regdate" column="notice_regdate"/>
			<result property="readhit" column="readhit"/>
		</resultMap>
		
		<!-- 공통으로 사용할 select 절 정의 -->
		<sql id="select-all">
			select * from notice
		</sql>
		
		<!-- 공통으로 사용할 where-no절 정의 -->
		<sql id="where-no">
			where notice_no = #notice_no#
		</sql>
		
		<!-- select 쿼리문 정의 -->
		
		<!-- 공지사항 목록 -->
		<select id="noticeList" resultMap="noticeRes">
			<include refid="select-all"/>
			order by notice_no desc
		</select>
		
		<!-- 공지사항 검색 -->
		<select id="noticeSearch" resultMap="noticeRes" parameterClass="java.util.HashMap">
			<include refid="select-all"/>
			where $param1$ like #param2# order by notice_no desc
		</select>
		
		<!-- 공지사항 상세보기 -->
		<select id="noticeView" resultMap="noticeRes" parameterClass="int">
			<include refid="select-all"/>
			<include refid="where-no"/>
		</select>
		
		<!-- insert 쿼리문 정의 -->
		<!-- 공지사항 작성 -->
		<insert id="insertNotice" parameterClass="notice">
			insert into notice (notice_no,notice_id,notice_subject,notice_content,notice_regdate) values (notice_no_seq.NEXTVAL,#notice_id#,#notice_subject#,#notice_content#,#notice_regdate#)
		</insert>
	
		<!-- update 쿼리문 정의 -->
		
		<!-- 공지사항 수정 -->
		<update id="updateNotice" parameterClass="notice">
			update notice set notice_subject=#notice_subject#,notice_content=#notice_content#
			<include refid="where-no"/>
		</update>
		
		<!-- 조회수 -->
		<update id="updateReadHit" parameterClass="notice">
			update notice set readhit=readhit+1
			<include refid="where-no"/>
		</update>
		
		<!-- delete 쿼리문 정의 -->
		
		<!-- 공지사항 삭제 -->
		<delete id="deleteNotice" parameterClass="notice">
			delete from notice
			<include refid="where-no"/>
		</delete>
</sqlMap>